Type floor,Price ,Size
Brushed natural wood floor,16.91,200x14
Trilama Forte multilayer parquet natural glossy oak,38.09,108x19.8
Bamboo flooring Bali natural wood gloss,50.99,98x12.7
Multilayer parquet Monolama Rustic XL antique matte oak,62.90,198x20
Monolama Classic XL multi-layer parquet matt natural oak,72.88,198x20
Monolama Classic XL multi-layer parquet matt gray oak,72.88,198x20
Monolama Classic XXL matte natural oak multi-layer parquet,89.99,219x25
Monolama Classic XXL multi-layer parquet matt natural white oak,89.99,219x25
Monolama Select XL multi-layer parquet matt natural oak,82.87,198x20
Monolama Classic XL multi-layer parquet matt natural white oak,72.88,198x20
Monolama Select XL multi-layer parquet matt natural white oak,82.87,198x20
Monolama Select XL multi-layer parquet matt chocolate oak,82.87,198x20
Multilayer parquet Monolama Rustic XXL matt natural white oak,77.99,219x25
Parquet multicapa Monolama Rustic XL roble gris mate,62.90,198x20
Monolama Select XXL matte natural white oak multi-layer parquet,99.99,219x25
Multilayer parquet Monolama Rustic XXL matt natural oak,77.99,219x25
Monolama Select XL multi-layer parquet matt gray oak,82.87,198x20
Glossy dark wood bamboo floor,59.99,92x13.2
Multilayer parquet Monolama Select XL antique matt oak,82.87,198x20
